S. No,Name,Item,Value
1,Alexander,Traffic Challan,285
2,Mikka Jai Kishan,Penalty Taxes,644
3,Ranjan,Traffic Challan,498
4,Jazzy,Penalty Taxes,600
5,Akhilesh,Traffic Challan,617
6,Jolly,Charges Electric Car,169
7,Gurpreet,Charges Electric Car,401
8,Gurpreet,Traffic Challan,41
9,Olanga,Utility Bills,717
10,Irawati,Penalty Taxes,160
11,Jolly,Charges Electric Car,298
12,Irawati,Penalty Taxes,355
13,Akhilesh,Utility Bills,401
14,Oshin,Utility Bills,748
15,Bruce Lee,Traffic Challan,868
16,Mikka Jai Kishan,Penalty Taxes,309
17,Oshin,Traffic Challan,555
18,Jazzy,Traffic Challan,431
19,Nizam,Charges Electric Car,243
20,Esther,Traffic Challan,367
21,Benz,Penalty Taxes,815
22,Irawati,Traffic Challan,534
23,Ganta Bhadriah,Traffic Challan,898
24,Gurpreet,Charges Electric Car,90
25,Chako,Penalty Taxes,86
26,Alexndra,Traffic Challan,614
27,Kalpataru,Charges Electric Car,389
28,Jemmy,Penalty Taxes,293
29,Jemmy,Traffic Challan,821
30,Swetlana,Traffic Challan,353
31,Mikka Jai Kishan,Utility Bills,334
32,Peter,Traffic Challan,863
33,Ranjan,Traffic Challan,474
34,Esther,Utility Bills,434
35,Nootan,Traffic Challan,551
36,Oshin,Traffic Challan,479
37,Jazzy,Penalty Taxes,757
38,Akhilesh,Utility Bills,67
39,Nootan,Penalty Taxes,788
40,Xian Pen,Penalty Taxes,292
41,Amanpreet,Penalty Taxes,687
42,Irawati,Traffic Challan,567
43,Chako,Charges Electric Car,314
44,Illiakumbuku,Traffic Challan,344
45,Peturu,Utility Bills,14
46,Achilles,Traffic Challan,192
47,Alexndra,Traffic Challan,328
48,Gurpreet,Utility Bills,535
49,Akhilesh,Penalty Taxes,986
50,Swetlana,Traffic Challan,548
51,Jerry,Penalty Taxes,482
52,Swetlana,Charges Electric Car,964
53,Amanpreet,Utility Bills,656
54,Peturu,Penalty Taxes,844
55,Peter,Traffic Challan,69
56,Nizam,Utility Bills,852
57,Chako,Charges Electric Car,857
58,Agha Khan,Utility Bills,765
59,Michael Jackson,Penalty Taxes,376
60,Akhilesh,Traffic Challan,83
61,Gurpreet,Traffic Challan,398
62,Sikandar,Traffic Challan,54
63,Xian Pen,Traffic Challan,794
64,Sikandar,Traffic Challan,966
65,Alexndra,Charges Electric Car,572
66,Jabrael,Charges Electric Car,324
67,Akhilesh,Penalty Taxes,109
68,Nootan,Charges Electric Car,250
69,Jabrael,Utility Bills,650
70,Swetlana,Utility Bills,851
71,Michael Jackson,Traffic Challan,876
72,Swetlana,Utility Bills,769
73,Sikandar,Utility Bills,273
74,Oshin,Penalty Taxes,991
75,Boko,Utility Bills,386
76,Akhilesh,Penalty Taxes,206
77,Jemmy,Traffic Challan,210
78,Yoshiro Mori,Charges Electric Car,582
79,Sikandar,Traffic Challan,961
80,Saurabh,Traffic Challan,437
81,Illiakumbuku,Utility Bills,463
82,Jerry,Penalty Taxes,474
83,Vivian,Traffic Challan,45
84,Xian Pen,Penalty Taxes,819
85,Benz,Penalty Taxes,353
86,Gutenberg,Utility Bills,765
87,Jerry,Charges Electric Car,611
88,Nizam,Utility Bills,268
89,Yoshiro Mori,Utility Bills,798
90,Jemmy,Charges Electric Car,443
91,Gurpreet,Traffic Challan,221
92,Michael Jackson,Charges Electric Car,61
93,Swetlana,Charges Electric Car,849
94,Nizam,Penalty Taxes,984
95,Benz,Charges Electric Car,624
96,Ho Chi,Penalty Taxes,564
97,Jerry,Traffic Challan,490
98,Oshin,Penalty Taxes,55
99,Saurabh,Penalty Taxes,676
100,Xian Pen,Penalty Taxes,875
101,Peter,Utility Bills,638
102,Akhilesh,Utility Bills,749
103,Jabrael,Traffic Challan,572
104,Agha Khan,Utility Bills,127
105,Nootan,Charges Electric Car,632
106,Peturu,Charges Electric Car,226
107,Peter,Utility Bills,82
108,Oshin,Penalty Taxes,126
109,Jemmy,Penalty Taxes,234
110,Yoshiro Mori,Utility Bills,620
111,Alexander,Penalty Taxes,905
112,Gutenberg,Charges Electric Car,784
113,Mikka Jai Kishan,Penalty Taxes,422
114,Irawati,Traffic Challan,944
115,Sohrab,Traffic Challan,783
116,Bruce Lee,Utility Bills,834
117,Jolly,Utility Bills,481
118,Walter,Traffic Challan,868
119,Sohrab,Charges Electric Car,719
120,Xian Pen,Penalty Taxes,2
121,Irawati,Charges Electric Car,262
122,Irawati,Traffic Challan,156
123,Akhilesh,Charges Electric Car,37
124,Peter,Penalty Taxes,176
125,Achilles,Utility Bills,730
126,Benz,Penalty Taxes,984
127,Bruce Lee,Traffic Challan,551
128,Yoshiro Mori,Traffic Challan,324
129,Illiakumbuku,Traffic Challan,89
130,Nootan,Traffic Challan,611
131,Esther,Traffic Challan,415
132,Gutenberg,Utility Bills,22
133,Vivian,Traffic Challan,388
134,Esther,Traffic Challan,885
135,Gabriel,Penalty Taxes,72
136,Xian Pen,Traffic Challan,525
137,Olanga,Utility Bills,192
138,Agha Khan,Charges Electric Car,40
139,Jolly,Traffic Challan,56
140,Achilles,Traffic Challan,400
141,Olanga,Utility Bills,542
142,Michael Jackson,Traffic Challan,499
143,Michael Jackson,Traffic Challan,209
144,Nootan,Charges Electric Car,616
145,Jolly,Traffic Challan,275
146,Nizam,Charges Electric Car,364
147,Jabrael,Charges Electric Car,592
148,Mercedes,Penalty Taxes,731
149,Bruce Lee,Penalty Taxes,301
150,Nootan,Charges Electric Car,999
151,Alexndra,Utility Bills,542
152,Vivian,Penalty Taxes,113
153,Gabriel,Charges Electric Car,473
154,Ganta Bhadriah,Utility Bills,19
155,Peter,Utility Bills,704
156,Peturu,Utility Bills,337
157,Jabrael,Traffic Challan,433
158,Jabrael,Traffic Challan,49
159,Mikka Jai Kishan,Utility Bills,231
160,Sohrab,Penalty Taxes,661
161,Esther,Utility Bills,205
162,Kalpataru,Utility Bills,234
163,Peturu,Charges Electric Car,562
164,Swetlana,Traffic Challan,280
165,Saurabh,Penalty Taxes,171
166,Kalicharan,Charges Electric Car,517
167,Peter,Penalty Taxes,345
168,Ho Chi,Penalty Taxes,110
169,Jolly,Penalty Taxes,607
170,Bruce Lee,Traffic Challan,463
171,Vivian,Utility Bills,530
172,Newton,Traffic Challan,432
173,Jemmy,Traffic Challan,587
174,Gabriel,Penalty Taxes,314
175,Peturu,Charges Electric Car,337
176,Amanpreet,Charges Electric Car,909
177,Kalpataru,Utility Bills,549
178,Agha Khan,Traffic Challan,317
179,Xian Pen,Traffic Challan,849
180,Jolly,Charges Electric Car,100
181,Bruce Lee,Utility Bills,870
182,Peter,Utility Bills,784
183,Olanga,Charges Electric Car,601
184,Jazzy,Utility Bills,280
185,Swetlana,Penalty Taxes,960
186,Gutenberg,Utility Bills,741
187,Jazzy,Penalty Taxes,738
188,Jerry,Traffic Challan,427
189,Gurpreet,Traffic Challan,778
190,Saurabh,Traffic Challan,164
191,Walter,Utility Bills,644
192,Saurabh,Utility Bills,66
193,Olanga,Traffic Challan,41
194,Gurpreet,Charges Electric Car,298
195,Yoshiro Mori,Traffic Challan,775
196,Mikka Jai Kishan,Penalty Taxes,883
197,Bruce Lee,Traffic Challan,629
198,Saurabh,Traffic Challan,335
199,Jolly,Charges Electric Car,562
200,Ganta Bhadriah,Traffic Challan,195
201,Henry,Utility Bills,421
202,Peter,Utility Bills,188
203,Yoshiro Mori,Traffic Challan,631
204,Sikandar,Penalty Taxes,247
205,Bruce Lee,Penalty Taxes,616
206,Xian Pen,Charges Electric Car,881
207,Ranjan,Traffic Challan,606
208,Swetlana,Traffic Challan,605
209,Xian Pen,Utility Bills,537
210,Nizam,Charges Electric Car,903
211,Gutenberg,Penalty Taxes,819
212,Jerry,Penalty Taxes,192
213,Michael Jackson,Traffic Challan,934
214,Peter,Traffic Challan,3
215,Walter,Traffic Challan,957
216,Gabriel,Traffic Challan,901
217,Benz,Utility Bills,517
218,Irawati,Penalty Taxes,974
219,Chako,Traffic Challan,898
220,Gurpreet,Traffic Challan,782
221,Sikandar,Traffic Challan,324
222,Swetlana,Charges Electric Car,409
223,Jabrael,Charges Electric Car,137
224,Bruce Lee,Traffic Challan,444
225,Olanga,Traffic Challan,145
226,Alexander,Utility Bills,103
227,Peter,Charges Electric Car,23
228,Agha Khan,Traffic Challan,94
229,Agha Khan,Traffic Challan,488
230,Alexander,Traffic Challan,756
231,Chako,Charges Electric Car,659
232,Alexndra,Utility Bills,301
233,Michael Jackson,Utility Bills,901
234,Mercedes,Traffic Challan,663
235,Ho Chi,Traffic Challan,620
236,Jabrael,Charges Electric Car,664
237,Nizam,Traffic Challan,180
238,Amanpreet,Penalty Taxes,45
239,Jolly,Charges Electric Car,52
240,Ho Chi,Traffic Challan,932
241,Oshin,Traffic Challan,190
242,Peturu,Utility Bills,905
243,Ho Chi,Utility Bills,950
244,Kalicharan,Traffic Challan,195
245,Jazzy,Traffic Challan,596
246,Jabrael,Traffic Challan,582
247,Walter,Penalty Taxes,780
248,Peter,Penalty Taxes,965
249,Ho Chi,Traffic Challan,898
250,Jemmy,Utility Bills,948
251,Achilles,Penalty Taxes,687
252,Saurabh,Traffic Challan,341
253,Jolly,Charges Electric Car,880
254,Gabriel,Penalty Taxes,928
255,Jemmy,Traffic Challan,355
256,Jazzy,Charges Electric Car,147
257,Alexander,Traffic Challan,690
258,Chako,Penalty Taxes,861
259,Chako,Utility Bills,53
260,Achilles,Traffic Challan,338
261,Saurabh,Penalty Taxes,159
262,Walter,Charges Electric Car,583
263,Achilles,Traffic Challan,188
264,Bruce Lee,Penalty Taxes,7
265,Nizam,Traffic Challan,836
266,Peter,Charges Electric Car,543
267,Gutenberg,Traffic Challan,654
268,Achilles,Traffic Challan,201
269,Yoshiro Mori,Utility Bills,726
270,Illiakumbuku,Penalty Taxes,934
271,Vivian,Traffic Challan,46
272,Henry,Traffic Challan,766
273,Gurpreet,Charges Electric Car,842
274,Mercedes,Traffic Challan,681
275,Yoshiro Mori,Traffic Challan,857
276,Olanga,Charges Electric Car,9
277,Esther,Penalty Taxes,347
278,Jabrael,Penalty Taxes,518
279,Sikandar,Charges Electric Car,241
280,Mikka Jai Kishan,Traffic Challan,545
281,Chako,Traffic Challan,535
282,Kalicharan,Traffic Challan,454
283,Alexndra,Charges Electric Car,286
284,Peter,Utility Bills,937
285,Olanga,Utility Bills,567
286,Bruce Lee,Penalty Taxes,969
287,Mikka Jai Kishan,Traffic Challan,582
288,Henry,Traffic Challan,940
289,Gurpreet,Penalty Taxes,511
290,Agha Khan,Traffic Challan,585
291,Jazzy,Penalty Taxes,872
292,Achilles,Utility Bills,164
293,Gutenberg,Utility Bills,126
294,Nootan,Charges Electric Car,390
295,Esther,Utility Bills,953
296,Olanga,Utility Bills,202
297,Nootan,Traffic Challan,245
298,Michael Jackson,Penalty Taxes,481
299,Jerry,Utility Bills,181
300,Gutenberg,Utility Bills,609
301,Swetlana,Charges Electric Car,475
302,Chako,Utility Bills,794
303,Illiakumbuku,Traffic Challan,320
304,Benz,Traffic Challan,741
305,Xian Pen,Traffic Challan,264
306,Alexander,Traffic Challan,165
307,Alexander,Charges Electric Car,63
308,Mikka Jai Kishan,Traffic Challan,492
309,Gurpreet,Traffic Challan,80
310,Saurabh,Penalty Taxes,821
311,Ho Chi,Charges Electric Car,239
312,Jazzy,Traffic Challan,328
313,Kalpataru,Traffic Challan,615
314,Illiakumbuku,Traffic Challan,993
315,Mercedes,Traffic Challan,574
316,Chako,Charges Electric Car,837
317,Gurpreet,Penalty Taxes,561
318,Yoshiro Mori,Traffic Challan,979
319,Gabriel,Charges Electric Car,782
320,Gabriel,Charges Electric Car,158
321,Yoshiro Mori,Traffic Challan,612
322,Amanpreet,Traffic Challan,267
323,Achilles,Penalty Taxes,61
324,Ganta Bhadriah,Utility Bills,210
325,Benz,Charges Electric Car,518
326,Amanpreet,Utility Bills,351
327,Michael Jackson,Traffic Challan,909
328,Akhilesh,Utility Bills,528
329,Jerry,Traffic Challan,386
330,Benz,Charges Electric Car,713
331,Peturu,Penalty Taxes,450
332,Peturu,Traffic Challan,287
333,Mercedes,Charges Electric Car,16
334,Peter,Utility Bills,147
335,Jerry,Traffic Challan,171
336,Nizam,Penalty Taxes,309
337,Jerry,Penalty Taxes,979
338,Ho Chi,Traffic Challan,32
339,Jazzy,Charges Electric Car,775
340,Peter,Charges Electric Car,397
341,Boko,Utility Bills,59
342,Kalicharan,Traffic Challan,415
343,Peter,Traffic Challan,392
344,Peter,Traffic Challan,556
345,Alexander,Penalty Taxes,347
346,Walter,Traffic Challan,898
347,Amanpreet,Traffic Challan,453
348,Chako,Utility Bills,82
349,Irawati,Traffic Challan,698
350,Gutenberg,Traffic Challan,594
351,Newton,Traffic Challan,494
NAME,DOB,UID,CIBIL
Achilles,1/1/1980,19320,320
Akhilesh,3/6/1980,63174,620
Alexander,4/18/1980,67621,512
Sikandar,7/1/1980,16158,461
Alexndra,7/3/1980,95800,683
Gutenberg,8/17/1980,82873,547
Ganta Bhadriah,10/18/1980,99466,382
Peter,12/5/1980,54391,666
Peturu,12/16/1980,14196,615
Gabriel,1/16/1981,76099,570
Jabrael,4/13/1981,73750,419
Sohrab,5/20/1981,92214,687
Saurabh,8/17/1981,24743,536
Newton,10/20/1981,40912,595
Nootan,1/11/1982,10218,366
Michael Jackson,2/13/1982,19272,548
Mikka Jai Kishan,2/16/1982,91597,347
Bruce Lee,2/27/1982,26558,344
Agha Khan,4/26/1982,75670,380
Nizam,5/21/1982,25417,434
Gurpreet,7/19/1982,38108,404
Amanpreet,9/10/1982,46014,459
Jolly,11/28/1982,59407,664
Jazzy,1/11/1983,84784,439
Jemmy,4/6/1983,68091,310
Jerry,7/13/1983,28933,339
Chako,7/14/1983,75506,448
Esther,8/13/1983,85880,478
Vivian,10/6/1983,29708,523
Kalicharan,12/1/1983,60743,476
Ranjan,12/23/1983,51926,472
Henry,2/26/1984,14226,592
Olanga,5/17/1984,46940,397
Oshin,5/29/1984,17318,469
Yoshiro Mori,6/23/1984,12155,457
Swetlana,8/10/1984,37640,399
Irawati,9/19/1984,19458,577
Kalpataru,11/10/1984,45586,481
Boko,1/4/1985,19430,439
Ho Chi,3/24/1985,37014,655
Xian Pen,4/24/1985,65470,319
Benz,7/30/1985,72868,559
Mercedes,9/9/1985,81213,674
Illiakumbuku,11/16/1985,54543,320
Walter,11/24/1985,99284,587
NAME,DOB,UID,CIBIL
Name1,1/1/1980,94798,327
Name10,2/2/1980,82351,572
Name11,4/25/1980,99981,648
Name12,6/7/1980,28256,661
Name13,6/18/1980,73654,686
Name14,7/22/1980,36349,634
Name15,9/19/1980,28463,377
Name16,11/2/1980,62794,538
Name17,1/7/1981,75561,517
Name18,2/20/1981,73779,673
Name19,4/15/1981,82709,340
Name2,5/10/1981,76890,453
Name20,8/16/1981,67888,563
Name21,9/26/1981,59684,613
Name22,11/8/1981,82108,300
Name23,1/6/1982,74897,320
Name24,1/27/1982,33682,640
Name25,3/3/1982,30376,526
Name26,4/4/1982,17228,300
Name27,4/20/1982,96364,329
Name28,7/12/1982,86679,411
Name29,9/14/1982,74838,479
Name3,11/25/1982,72488,603
Name30,1/21/1983,37304,457
Name31,1/27/1983,49277,576
Name32,2/2/1983,87649,570
Name33,3/6/1983,26694,661
Name34,4/15/1983,11357,495
Name35,5/29/1983,47059,600
Name36,7/16/1983,99936,476
Name37,10/1/1983,29399,419
Name38,12/1/1983,26425,385
Name39,2/18/1984,60876,583
Name4,5/5/1984,77162,494
Name40,8/12/1984,13122,336
Name41,9/14/1984,98409,458
Name42,12/18/1984,65106,697
Name43,12/23/1984,35809,558
Name44,3/21/1985,27205,556
Name45,4/4/1985,43874,444
Name5,5/5/1985,30740,458
Name6,5/10/1985,64657,416
Name7,6/11/1985,95893,338
Name8,9/6/1985,25557,503
Name9,12/11/1985,79565,415
S. No,Name,Item,Value
1,Name38,Geo Location2,799
2,Name6,Geo Location3,360
3,Name33,Geo Location2,510
4,Name21,Donates Credit Card points to Charity,805
5,Name5,Charges Electric Car,833
6,Name29,Geo Location1,982
7,Name26,Geo Location2,405
8,Name37,Geo Location2,92
9,Name16,Geo Location3,738
10,Name41,Geo Location2,899
11,Name28,Geo Location3,621
12,Name20,Charges Electric Car,154
13,Name20,Geo Location3,144
14,Name26,Traffic Challan,417
15,Name9,Geo Location1,140
16,Name27,Traffic Challan,601
17,Name23,Charges Electric Car,214
18,Name19,Geo Location3,691
19,Name12,Geo Location3,260
20,Name21,Charges Electric Car,418
21,Name31,Donates Credit Card points to Charity,73
22,Name43,Traffic Challan,752
23,Name15,Traffic Challan,276
24,Name36,Charges Electric Car,381
25,Name12,Geo Location3,1000
26,Name43,Geo Location3,998
27,Name36,Traffic Challan,886
28,Name3,Charges Electric Car,247
29,Name24,Charges Electric Car,692
30,Name17,Geo Location1,757
31,Name8,Donates Credit Card points to Charity,120
32,Name16,Geo Location2,424
33,Name40,Geo Location3,696
34,Name10,Traffic Challan,339
35,Name24,Traffic Challan,811
36,Name5,Traffic Challan,950
37,Name18,Geo Location3,883
38,Name22,Traffic Challan,687
39,Name13,Traffic Challan,441
40,Name9,Charges Electric Car,205
41,Name13,Geo Location1,540
42,Name10,Donates Credit Card points to Charity,934
43,Name1,Charges Electric Car,632
44,Name16,Donates Credit Card points to Charity,170
45,Name4,Geo Location3,659
46,Name16,Geo Location3,779
47,Name6,Charges Electric Car,810
48,Name39,Geo Location2,248
49,Name25,Traffic Challan,524
50,Name27,Geo Location3,825
51,Name3,Donates Credit Card points to Charity,961
52,Name6,Donates Credit Card points to Charity,918
53,Name41,Charges Electric Car,708
54,Name44,Geo Location3,999
55,Name22,Geo Location1,986
56,Name32,Geo Location2,513
57,Name30,Geo Location3,957
58,Name41,Traffic Challan,775
59,Name11,Traffic Challan,100
60,Name45,Geo Location3,194
61,Name24,Donates Credit Card points to Charity,341
62,Name13,Charges Electric Car,634
63,Name7,Geo Location1,436
64,Name5,Donates Credit Card points to Charity,592
65,Name9,Donates Credit Card points to Charity,806
66,Name24,Geo Location2,820
67,Name3,Geo Location1,389
68,Name22,Geo Location1,90
69,Name32,Donates Credit Card points to Charity,568
70,Name26,Donates Credit Card points to Charity,899
71,Name16,Donates Credit Card points to Charity,784
72,Name34,Traffic Challan,380
73,Name45,Traffic Challan,137
74,Name6,Charges Electric Car,274
75,Name5,Traffic Challan,579
76,Name20,Geo Location3,625
77,Name17,Geo Location1,156
78,Name24,Traffic Challan,827
79,Name13,Geo Location2,305
80,Name20,Traffic Challan,541
81,Name13,Geo Location3,169
82,Name14,Charges Electric Car,422
83,Name5,Geo Location3,750
84,Name16,Charges Electric Car,830
85,Name28,Traffic Challan,470
86,Name14,Traffic Challan,114
87,Name8,Geo Location3,312
88,Name44,Geo Location1,197
89,Name13,Charges Electric Car,848
90,Name27,Geo Location3,104
91,Name3,Traffic Challan,767
92,Name37,Geo Location1,556
93,Name36,Geo Location2,80
94,Name19,Charges Electric Car,343
95,Name24,Traffic Challan,51
96,Name36,Geo Location3,381
97,Name30,Traffic Challan,88
98,Name2,Geo Location1,612
99,Name37,Donates Credit Card points to Charity,926
100,Name17,Geo Location2,818
101,Name12,Charges Electric Car,499
102,Name26,Traffic Challan,954
103,Name10,Geo Location3,858
104,Name6,Geo Location3,634
105,Name45,Traffic Challan,733
106,Name12,Geo Location2,599
107,Name43,Traffic Challan,642
108,Name37,Geo Location1,506
109,Name2,Traffic Challan,263
110,Name23,Geo Location1,800
111,Name2,Traffic Challan,962
112,Name1,Geo Location2,424
113,Name16,Traffic Challan,961
114,Name6,Geo Location2,255
115,Name18,Traffic Challan,80
116,Name23,Geo Location1,372
117,Name4,Donates Credit Card points to Charity,451
118,Name8,Donates Credit Card points to Charity,50
119,Name22,Geo Location2,82
120,Name9,Traffic Challan,552
121,Name25,Geo Location1,285
122,Name33,Charges Electric Car,278
123,Name13,Charges Electric Car,502
124,Name16,Geo Location1,956
125,Name22,Traffic Challan,365
126,Name30,Geo Location3,36
127,Name13,Geo Location3,996
128,Name34,Donates Credit Card points to Charity,680
129,Name25,Geo Location2,591
130,Name22,Traffic Challan,143
131,Name26,Traffic Challan,159
132,Name3,Donates Credit Card points to Charity,576
133,Name38,Geo Location2,661
134,Name45,Traffic Challan,581
135,Name10,Geo Location1,80
136,Name17,Charges Electric Car,382
137,Name2,Charges Electric Car,218
138,Name39,Donates Credit Card points to Charity,516
139,Name27,Geo Location2,1000
140,Name34,Traffic Challan,773
141,Name19,Donates Credit Card points to Charity,111
142,Name32,Traffic Challan,87
143,Name37,Donates Credit Card points to Charity,700
144,Name5,Geo Location2,485
145,Name36,Geo Location1,50
146,Name35,Geo Location2,177
147,Name23,Charges Electric Car,558
148,Name14,Traffic Challan,928
149,Name37,Traffic Challan,318
150,Name18,Donates Credit Card points to Charity,849
151,Name6,Charges Electric Car,712
152,Name41,Geo Location1,825
153,Name41,Geo Location3,263
154,Name40,Traffic Challan,618
155,Name22,Geo Location1,457
156,Name40,Traffic Challan,673
157,Name7,Geo Location2,897
158,Name22,Geo Location1,522
159,Name2,Traffic Challan,887
160,Name20,Donates Credit Card points to Charity,953
161,Name19,Donates Credit Card points to Charity,875
162,Name45,Geo Location2,823
163,Name44,Geo Location1,636
164,Name27,Geo Location2,535
165,Name4,Geo Location2,319
166,Name18,Traffic Challan,819
167,Name38,Donates Credit Card points to Charity,241
168,Name3,Geo Location2,340
169,Name28,Charges Electric Car,30
170,Name13,Geo Location3,757
171,Name23,Traffic Challan,584
172,Name4,Traffic Challan,14
173,Name23,Geo Location1,953
174,Name5,Geo Location1,73
175,Name2,Traffic Challan,185
176,Name34,Traffic Challan,292
177,Name11,Traffic Challan,298
178,Name12,Charges Electric Car,411
179,Name28,Donates Credit Card points to Charity,841
180,Name27,Traffic Challan,722
181,Name38,Traffic Challan,57
182,Name11,Geo Location1,414
183,Name15,Traffic Challan,347
184,Name29,Geo Location2,182
185,Name17,Geo Location3,497
186,Name13,Geo Location2,774
187,Name34,Traffic Challan,518
188,Name38,Traffic Challan,80
189,Name32,Geo Location2,754
190,Name14,Charges Electric Car,172
191,Name40,Traffic Challan,181
192,Name36,Traffic Challan,996
193,Name15,Traffic Challan,588
194,Name44,Geo Location3,869
195,Name36,Geo Location2,559
196,Name22,Traffic Challan,702
197,Name23,Traffic Challan,508
198,Name17,Geo Location1,584
199,Name24,Geo Location2,514
200,Name29,Donates Credit Card points to Charity,408
201,Name45,Geo Location3,317
202,Name24,Geo Location3,265
203,Name32,Traffic Challan,638
204,Name27,Geo Location1,675
205,Name6,Geo Location1,865
206,Name36,Geo Location2,782
207,Name9,Donates Credit Card points to Charity,185
208,Name19,Geo Location3,385
209,Name16,Traffic Challan,154
210,Name28,Traffic Challan,774
211,Name27,Traffic Challan,586
212,Name10,Traffic Challan,366
213,Name41,Geo Location3,13
214,Name12,Geo Location2,783
215,Name25,Traffic Challan,860
216,Name34,Geo Location2,271
217,Name43,Traffic Challan,830
218,Name12,Charges Electric Car,601
219,Name11,Traffic Challan,4
220,Name14,Geo Location2,185
221,Name27,Geo Location3,656
222,Name10,Geo Location2,510
223,Name17,Geo Location3,770
224,Name2,Traffic Challan,795
225,Name21,Traffic Challan,347
226,Name23,Traffic Challan,757
227,Name44,Traffic Challan,139
228,Name29,Geo Location3,642
229,Name27,Traffic Challan,428
230,Name33,Donates Credit Card points to Charity,211
231,Name24,Geo Location2,190
232,Name14,Geo Location2,544
233,Name12,Geo Location2,21
234,Name6,Traffic Challan,651
235,Name16,Traffic Challan,785
236,Name4,Geo Location3,290
237,Name12,Traffic Challan,818
238,Name33,Traffic Challan,329
239,Name34,Geo Location1,495
240,Name16,Geo Location2,157
241,Name43,Geo Location1,364
242,Name45,Traffic Challan,481
243,Name37,Charges Electric Car,58
244,Name42,Geo Location1,970
245,Name29,Traffic Challan,199
246,Name33,Traffic Challan,782
247,Name5,Traffic Challan,723
248,Name9,Geo Location3,43
249,Name31,Traffic Challan,738
250,Name22,Traffic Challan,718
251,Name6,Traffic Challan,530
252,Name25,Donates Credit Card points to Charity,174
253,Name16,Geo Location1,397
254,Name18,Traffic Challan,440
255,Name11,Donates Credit Card points to Charity,810
256,Name20,Traffic Challan,348
257,Name33,Traffic Challan,531
258,Name17,Traffic Challan,10
259,Name17,Donates Credit Card points to Charity,856
260,Name27,Charges Electric Car,162
261,Name36,Geo Location2,725
262,Name42,Traffic Challan,882
263,Name19,Geo Location2,967
264,Name10,Geo Location3,186
265,Name23,Traffic Challan,570
266,Name42,Charges Electric Car,128
267,Name9,Traffic Challan,632
268,Name15,Charges Electric Car,521
269,Name6,Donates Credit Card points to Charity,182
270,Name3,Charges Electric Car,481
271,Name19,Donates Credit Card points to Charity,351
272,Name5,Geo Location2,916
273,Name31,Geo Location1,845
274,Name39,Geo Location2,404
275,Name21,Charges Electric Car,29
276,Name27,Charges Electric Car,608
277,Name35,Geo Location1,60
278,Name31,Geo Location3,65
279,Name13,Geo Location1,235
280,Name5,Charges Electric Car,807
281,Name6,Traffic Challan,307
282,Name44,Traffic Challan,719
283,Name7,Geo Location2,613
284,Name36,Traffic Challan,628
285,Name34,Geo Location1,192
286,Name25,Geo Location1,814
287,Name31,Charges Electric Car,221
288,Name21,Geo Location3,871
289,Name35,Donates Credit Card points to Charity,30
290,Name45,Donates Credit Card points to Charity,208
291,Name27,Geo Location1,841
292,Name7,Geo Location3,782
293,Name37,Geo Location2,840
294,Name3,Geo Location2,713
295,Name1,Geo Location2,523
296,Name20,Geo Location2,57
297,Name18,Geo Location2,389
298,Name41,Traffic Challan,585
299,Name7,Geo Location3,353
300,Name36,Geo Location1,209
301,Name14,Traffic Challan,448
302,Name44,Geo Location1,735
303,Name38,Geo Location1,989
304,Name35,Geo Location3,892
305,Name10,Donates Credit Card points to Charity,279
306,Name2,Traffic Challan,157
307,Name44,Traffic Challan,334
308,Name8,Traffic Challan,126
309,Name17,Geo Location3,427
310,Name41,Donates Credit Card points to Charity,408
311,Name31,Geo Location3,590
312,Name35,Traffic Challan,474
313,Name44,Traffic Challan,760
314,Name16,Geo Location2,505
315,Name44,Donates Credit Card points to Charity,111
316,Name40,Geo Location1,131
317,Name10,Donates Credit Card points to Charity,372
318,Name35,Traffic Challan,139
319,Name7,Donates Credit Card points to Charity,847
320,Name9,Traffic Challan,365
321,Name36,Charges Electric Car,534
322,Name24,Charges Electric Car,2
323,Name7,Charges Electric Car,834
324,Name34,Donates Credit Card points to Charity,617
325,Name2,Traffic Challan,802
326,Name40,Traffic Challan,695
327,Name39,Geo Location1,458
328,Name16,Donates Credit Card points to Charity,228
329,Name23,Donates Credit Card points to Charity,493
330,Name44,Geo Location1,347
331,Name30,Geo Location2,355
332,Name25,Donates Credit Card points to Charity,576
333,Name22,Geo Location3,686
334,Name30,Geo Location2,538
335,Name19,Geo Location2,511
336,Name13,Geo Location3,92
337,Name3,Geo Location3,87
338,Name36,Charges Electric Car,899
339,Name18,Charges Electric Car,807
340,Name31,Traffic Challan,396
341,Name43,Geo Location3,281
342,Name31,Traffic Challan,880
343,Name11,Donates Credit Card points to Charity,195
344,Name15,Traffic Challan,510
345,Name33,Charges Electric Car,493
346,Name5,Geo Location3,652
347,Name15,Traffic Challan,818
348,Name12,Donates Credit Card points to Charity,634
349,Name45,Traffic Challan,536
350,Name25,Geo Location1,740
351,Name21,Geo Location1,558
352,Name4,Charges Electric Car,260
353,Name37,Geo Location3,458
354,Name44,Traffic Challan,484
355,Name43,Traffic Challan,657
356,Name7,Geo Location1,339
357,Name24,Traffic Challan,307
358,Name10,Geo Location3,546
359,Name4,Geo Location1,397
360,Name8,Geo Location2,411
361,Name2,Geo Location3,148
362,Name8,Geo Location2,891
363,Name32,Geo Location3,343
364,Name9,Geo Location3,162
365,Name30,Geo Location3,622
366,Name22,Traffic Challan,63
367,Name28,Traffic Challan,502
368,Name12,Geo Location2,156
369,Name31,Traffic Challan,479
370,Name38,Geo Location1,624
371,Name29,Traffic Challan,780
372,Name20,Traffic Challan,90
373,Name28,Donates Credit Card points to Charity,444
374,Name5,Geo Location1,88
375,Name16,Donates Credit Card points to Charity,870
376,Name13,Geo Location1,974
377,Name40,Donates Credit Card points to Charity,92
378,Name9,Donates Credit Card points to Charity,480
379,Name2,Geo Location2,857
380,Name4,Traffic Challan,389
381,Name27,Geo Location1,574
382,Name13,Traffic Challan,589
383,Name18,Traffic Challan,364
384,Name7,Geo Location1,965
385,Name8,Geo Location2,757
386,Name30,Traffic Challan,495
387,Name9,Donates Credit Card points to Charity,438
388,Name17,Geo Location1,670
389,Name33,Charges Electric Car,480
390,Name35,Donates Credit Card points to Charity,406
391,Name23,Geo Location3,889
392,Name31,Donates Credit Card points to Charity,306
393,Name15,Donates Credit Card points to Charity,488
394,Name20,Geo Location2,305
395,Name29,Traffic Challan,898
396,Name14,Geo Location1,566
397,Name41,Geo Location3,340
398,Name23,Geo Location2,218
399,Name3,Geo Location3,714
400,Name37,Donates Credit Card points to Charity,116
401,Name43,Geo Location1,93
402,Name44,Traffic Challan,329
403,Name13,Geo Location1,334
404,Name24,Traffic Challan,804
405,Name18,Charges Electric Car,873
406,Name30,Traffic Challan,879
407,Name18,Donates Credit Card points to Charity,535
408,Name34,Charges Electric Car,458
409,Name40,Donates Credit Card points to Charity,994
410,Name31,Charges Electric Car,453
411,Name9,Donates Credit Card points to Charity,66
412,Name36,Geo Location1,262
413,Name45,Donates Credit Card points to Charity,20
414,Name3,Geo Location1,450
415,Name13,Geo Location2,904
416,Name17,Traffic Challan,739
417,Name45,Geo Location2,707
418,Name6,Charges Electric Car,802
419,Name16,Geo Location1,910
420,Name35,Geo Location3,71
421,Name15,Traffic Challan,494
422,Name16,Geo Location1,662
423,Name17,Traffic Challan,553
424,Name16,Geo Location2,311
425,Name13,Geo Location1,937
426,Name3,Geo Location3,124
427,Name26,Geo Location3,414
428,Name17,Donates Credit Card points to Charity,334
429,Name19,Geo Location1,535
430,Name27,Traffic Challan,403
431,Name24,Donates Credit Card points to Charity,419
432,Name14,Traffic Challan,458
433,Name45,Traffic Challan,252
434,Name5,Donates Credit Card points to Charity,110
435,Name45,Donates Credit Card points to Charity,999
436,Name23,Geo Location1,213
437,Name7,Traffic Challan,294
438,Name25,Geo Location2,527
439,Name32,Geo Location3,172
440,Name25,Charges Electric Car,537
441,Name8,Donates Credit Card points to Charity,168
442,Name30,Geo Location2,227
443,Name2,Traffic Challan,136
444,Name37,Charges Electric Car,567
445,Name26,Geo Location3,84
446,Name21,Geo Location1,75
447,Name37,Traffic Challan,399
448,Name21,Traffic Challan,18
449,Name18,Traffic Challan,175
450,Name25,Charges Electric Car,344
451,Name39,Traffic Challan,495
452,Name33,Geo Location1,604
453,Name24,Charges Electric Car,101
454,Name31,Geo Location2,372
455,Name3,Geo Location3,464
456,Name32,Geo Location3,92
457,Name32,Traffic Challan,233
458,Name14,Traffic Challan,845
459,Name29,Geo Location3,148
460,Name16,Donates Credit Card points to Charity,743
461,Name44,Geo Location1,89
462,Name2,Donates Credit Card points to Charity,616
463,Name25,Traffic Challan,955
464,Name30,Geo Location3,791
465,Name38,Donates Credit Card points to Charity,261
466,Name26,Geo Location3,247
467,Name36,Donates Credit Card points to Charity,950
468,Name19,Geo Location2,115
469,Name2,Charges Electric Car,949
470,Name29,Geo Location2,156
471,Name1,Donates Credit Card points to Charity,876
472,Name23,Traffic Challan,226
473,Name44,Traffic Challan,454
474,Name3,Traffic Challan,97
475,Name42,Charges Electric Car,250
476,Name6,Geo Location3,16
477,Name15,Charges Electric Car,934
478,Name34,Geo Location1,363
479,Name15,Geo Location2,405
480,Name39,Geo Location1,519
481,Name3,Donates Credit Card points to Charity,740
482,Name4,Charges Electric Car,574
483,Name7,Geo Location3,842
484,Name29,Traffic Challan,766
485,Name30,Geo Location2,817
486,Name18,Geo Location2,846
487,Name12,Geo Location2,940
488,Name18,Geo Location2,15
489,Name29,Traffic Challan,473
490,Name38,Charges Electric Car,688
491,Name39,Charges Electric Car,905
492,Name2,Geo Location1,849
493,Name35,Geo Location2,617
494,Name27,Geo Location1,700
495,Name15,Geo Location1,632
496,Name19,Traffic Challan,770
497,Name21,Geo Location3,840
498,Name45,Traffic Challan,505
499,Name6,Geo Location1,603
500,Name43,Geo Location1,82
501,Name41,Traffic Challan,931
502,Name2,Traffic Challan,439
503,Name35,Traffic Challan,611
504,Name23,Traffic Challan,928
505,Name30,Donates Credit Card points to Charity,579
506,Name42,Traffic Challan,2
507,Name43,Geo Location1,619
508,Name29,Traffic Challan,494
509,Name32,Geo Location1,581
510,Name19,Geo Location1,875
511,Name6,Traffic Challan,177
512,Name41,Traffic Challan,612
513,Name12,Charges Electric Car,756
514,Name36,Traffic Challan,840
515,Name14,Traffic Challan,649
516,Name45,Geo Location1,281
517,Name41,Donates Credit Card points to Charity,811
518,Name34,Donates Credit Card points to Charity,368
1,Traffic Challan
2,Traffic Challan
3,Charges Electric Car
4,Donates Credit Card points to Charity
5,Geo Location1
6,Geo Location2
7,Geo Location3
